{"cameraMode":{"drawMode":0,"name":"Shaded","section":"Shading Mode"},"sceneLighting":true,"audioPlay":false,"sceneViewState":{"showFog":true,"showMaterialUpdate":true,"showSkybox":true,"showFlares":true,"showImageEffects":true,"showParticleSystems":true},"in2DMode":false,"pivot":{"x":-0.06968054175376892,"y":2.3265585899353029,"z":0.4539659023284912},"rotation":{"x":0.39557960629463198,"y":-0.2943548858165741,"z":0.13549596071243287,"w":0.8593686819076538},"size":10.285258293151856,"orthographic":true}