{"cameraMode":{"drawMode":0,"name":"Shaded","section":"Shading Mode"},"sceneLighting":true,"audioPlay":false,"sceneViewState":{"showFog":true,"showMaterialUpdate":true,"showSkybox":true,"showFlares":true,"showImageEffects":true,"showParticleSystems":true},"in2DMode":false,"pivot":{"x":-0.6160261034965515,"y":-0.8243074417114258,"z":1.8256114721298218},"rotation":{"x":-0.4718572199344635,"y":0.003167090006172657,"z":-0.0016954443417489529,"w":-0.8816704154014587},"size":7.168546676635742,"orthographic":true}